<?xml version="1.0" encoding="UTF-8"?>
<beans xmlns="http://www.springframework.org/schema/beans"
       xmlns:xsi="http://www.w3.org/2001/XMLSchema-instance"
       xmlns:context="http://www.springframework.org/schema/context"
       xmlns:aop="http://www.springframework.org/schema/aop"
       xsi:schemaLocation="http://www.springframework.org/schema/beans http://www.springframework.org/schema/beans/spring-beans.xsd
                        http://www.springframework.org/schema/context http://www.springframework.org/schema/context/spring-context.xsd
                        http://www.springframework.org/schema/aop http://www.springframework.org/schema/aop/spring-aop.xsd">
    <!--创建对象-->
    <bean id="book" class="com.atguigu.spring5.aopxml.Book"></bean>
    <bean id="bookProxy" class="com.atguigu.spring5.aopxml.BookProxy"></bean>

    <!--配置aop增强-->
    <aop:config>
        <!--切入点-->
        <aop:pointcut id="p" expression="execution(* com.atguigu.spring5.aopxml.Book.buy(..))"/>
        <!--配置切面-->
        <aop:aspect ref="bookProxy">
            <!--增强作用在具体的方法上-->
            <aop:before method="before" pointcut-ref="p"/>
        </aop:aspect>
    </aop:config>
</beans>